address,street,num
"128 Albion Court, Somerville MA 02145",Albion Court,128
"134 Albion Court, Somerville MA 02145",Albion Court,134
"8 Albion Place, Somerville MA 02145",Albion Place,8
"17 Albion Place, Somerville MA 02145",Albion Place,17
"94 Albion Street, Somerville MA 02145",Albion Street,94
"109 Albion Street, Somerville MA 02145",Albion Street,109
"124 Albion Street, Somerville MA 02145",Albion Street,124
"139 Albion Street, Somerville MA 02145",Albion Street,139
"154 Albion Street, Somerville MA 02145",Albion Street,154
"169 Albion Street, Somerville MA 02145",Albion Street,169
"179 Albion Street, Somerville MA 02145",Albion Street,179
"100 Albion Terrace, Somerville MA 02145",Albion Terrace,100
"104 Albion Terrace, Somerville MA 02145",Albion Terrace,104
"12 Alpine Street, Somerville MA 02145",Alpine Street,12
"27 Alpine Street, Somerville MA 02145",Alpine Street,27
"42 Alpine Street, Somerville MA 02145",Alpine Street,42
"57 Alpine Street, Somerville MA 02145",Alpine Street,57
"72 Alpine Street, Somerville MA 02145",Alpine Street,72
"87 Alpine Street, Somerville MA 02145",Alpine Street,87
"102 Alpine Street, Somerville MA 02145",Alpine Street,102
"2 Appleton Street, Somerville MA 02144",Appleton Street,2
"17 Appleton Street, Somerville MA 02144",Appleton Street,17
"32 Appleton Street, Somerville MA 02144",Appleton Street,32
"34 Appleton Street, Somerville MA 02144",Appleton Street,34
"7 Bay State Avenue, Somerville MA 02144",Bay State Avenue,7
"22 Bay State Avenue, Somerville MA 02144",Bay State Avenue,22
"37 Bay State Avenue, Somerville MA 02144",Bay State Avenue,37
"52 Bay State Avenue, Somerville MA 02144",Bay State Avenue,52
"67 Bay State Avenue, Somerville MA 02144",Bay State Avenue,67
"69 Bay State Avenue, Somerville MA 02144",Bay State Avenue,69
"7 Bellevue Terrace, Somerville MA 02144",Bellevue Terrace,7
"10 Bellevue Terrace, Somerville MA 02144",Bellevue Terrace,10
"1 Boston Avenue, Somerville MA 02144",Boston Avenue,1
"16 Boston Avenue, Somerville MA 02144",Boston Avenue,16
"31 Boston Avenue, Somerville MA 02144",Boston Avenue,31
"46 Boston Avenue, Somerville MA 02144",Boston Avenue,46
"61 Boston Avenue, Somerville MA 02144",Boston Avenue,61
"76 Boston Avenue, Somerville MA 02144",Boston Avenue,76
"91 Boston Avenue, Somerville MA 02144",Boston Avenue,91
"106 Boston Avenue, Somerville MA 02144",Boston Avenue,106
"121 Boston Avenue, Somerville MA 02144",Boston Avenue,121
"136 Boston Avenue, Somerville MA 02144",Boston Avenue,136
"151 Boston Avenue, Somerville MA 02144",Boston Avenue,151
"158 Boston Avenue, Somerville MA 02144",Boston Avenue,158
"87 Bristol Road, Somerville MA 02145",Bristol Road,87
"102 Bristol Road, Somerville MA 02145",Bristol Road,102
"108 Bristol Road, Somerville MA 02145",Bristol Road,108
"585 Broadway, Somerville MA 02144",Broadway,585
"600 Broadway, Somerville MA 02144",Broadway,600
"615 Broadway, Somerville MA 02144",Broadway,615
"630 Broadway, Somerville MA 02144",Broadway,630
"645 Broadway, Somerville MA 02144",Broadway,645
"660 Broadway, Somerville MA 02144",Broadway,660
"675 Broadway, Somerville MA 02144",Broadway,675
"690 Broadway, Somerville MA 02144",Broadway,690
"705 Broadway, Somerville MA 02144",Broadway,705
"720 Broadway, Somerville MA 02144",Broadway,720
"726 Broadway, Somerville MA 02144",Broadway,726
"107 Cedar Street, Somerville MA 02144",Cedar Street,107
"122 Cedar Street, Somerville MA 02144",Cedar Street,122
"137 Cedar Street, Somerville MA 02144",Cedar Street,137
"152 Cedar Street, Somerville MA 02144",Cedar Street,152
"167 Cedar Street, Somerville MA 02144",Cedar Street,167
"182 Cedar Street, Somerville MA 02144",Cedar Street,182
"197 Cedar Street, Somerville MA 02144",Cedar Street,197
"212 Cedar Street, Somerville MA 02144",Cedar Street,212
"227 Cedar Street, Somerville MA 02144",Cedar Street,227
"242 Cedar Street, Somerville MA 02144",Cedar Street,242
"257 Cedar Street, Somerville MA 02144",Cedar Street,257
"272 Cedar Street, Somerville MA 02144",Cedar Street,272
"287 Cedar Street, Somerville MA 02144",Cedar Street,287
"298 Cedar Street, Somerville MA 02144",Cedar Street,298
"1 Clifton Street, Somerville MA 02145",Clifton Street,1
"14 Clifton Street, Somerville MA 02145",Clifton Street,14
"2 Clyde Street, Somerville MA 02145",Clyde Street,2
"17 Clyde Street, Somerville MA 02145",Clyde Street,17
"32 Clyde Street, Somerville MA 02145",Clyde Street,32
"47 Clyde Street, Somerville MA 02145",Clyde Street,47
"56 Clyde Street, Somerville MA 02145",Clyde Street,56
"1 College Avenue, Somerville MA 02144",College Avenue,1
"16 College Avenue, Somerville MA 02144",College Avenue,16
"31 College Avenue, Somerville MA 02144",College Avenue,31
"46 College Avenue, Somerville MA 02144",College Avenue,46
"61 College Avenue, Somerville MA 02144",College Avenue,61
"76 College Avenue, Somerville MA 02144",College Avenue,76
"91 College Avenue, Somerville MA 02144",College Avenue,91
"106 College Avenue, Somerville MA 02144",College Avenue,106
"121 College Avenue, Somerville MA 02144",College Avenue,121
"136 College Avenue, Somerville MA 02144",College Avenue,136
"143 College Avenue, Somerville MA 02144",College Avenue,143
"1 Elm Court, Somerville MA 02144",Elm Court,1
"6 Elm Court, Somerville MA 02144",Elm Court,6
"16 Ellington Road, Somerville MA 02144",Ellington Road,16
"31 Ellington Road, Somerville MA 02144",Ellington Road,31
"32 Ellington Road, Somerville MA 02144",Ellington Road,32
"4 Foskett Street, Somerville MA 02145",Foskett Street,4
"19 Foskett Street, Somerville MA 02145",Foskett Street,19
"34 Foskett Street, Somerville MA 02145",Foskett Street,34
"49 Foskett Street, Somerville MA 02145",Foskett Street,49
"52 Foskett Street, Somerville MA 02145",Foskett Street,52
"7 Francesca Avenue, Somerville MA 02144",Francesca Avenue,7
"22 Francesca Avenue, Somerville MA 02144",Francesca Avenue,22
"37 Francesca Avenue, Somerville MA 02144",Francesca Avenue,37
"52 Francesca Avenue, Somerville MA 02144",Francesca Avenue,52
"58 Francesca Avenue, Somerville MA 02144",Francesca Avenue,58
"45 Grove Street, Somerville MA 02144",Grove Street,45
"60 Grove Street, Somerville MA 02144",Grove Street,60
"65 Grove Street, Somerville MA 02144",Grove Street,65
"5 Hall Avenue, Somerville MA 02144",Hall Avenue,5
"20 Hall Avenue, Somerville MA 02144",Hall Avenue,20
"35 Hall Avenue, Somerville MA 02144",Hall Avenue,35
"50 Hall Avenue, Somerville MA 02144",Hall Avenue,50
"65 Hall Avenue, Somerville MA 02144",Hall Avenue,65
"73 Hall Avenue, Somerville MA 02144",Hall Avenue,73
"219 Highland Avenue, Somerville MA 02144",Highland Avenue,219
"234 Highland Avenue, Somerville MA 02144",Highland Avenue,234
"249 Highland Avenue, Somerville MA 02144",Highland Avenue,249
"264 Highland Avenue, Somerville MA 02144",Highland Avenue,264
"279 Highland Avenue, Somerville MA 02144",Highland Avenue,279
"294 Highland Avenue, Somerville MA 02144",Highland Avenue,294
"309 Highland Avenue, Somerville MA 02144",Highland Avenue,309
"324 Highland Avenue, Somerville MA 02144",Highland Avenue,324
"339 Highland Avenue, Somerville MA 02144",Highland Avenue,339
"354 Highland Avenue, Somerville MA 02144",Highland Avenue,354
"369 Highland Avenue, Somerville MA 02144",Highland Avenue,369
"384 Highland Avenue, Somerville MA 02144",Highland Avenue,384
"399 Highland Avenue, Somerville MA 02144",Highland Avenue,399
"407 Highland Avenue, Somerville MA 02144",Highland Avenue,407
"2 Highland Road, Somerville MA 02144",Highland Road,2
"17 Highland Road, Somerville MA 02144",Highland Road,17
"32 Highland Road, Somerville MA 02144",Highland Road,32
"47 Highland Road, Somerville MA 02144",Highland Road,47
"62 Highland Road, Somerville MA 02144",Highland Road,62
"77 Highland Road, Somerville MA 02144",Highland Road,77
"92 Highland Road, Somerville MA 02144",Highland Road,92
"107 Highland Road, Somerville MA 02144",Highland Road,107
"122 Highland Road, Somerville MA 02144",Highland Road,122
"137 Highland Road, Somerville MA 02144",Highland Road,137
"140 Highland Road, Somerville MA 02144",Highland Road,140
"9 Josephine Avenue, Somerville MA 02144",Josephine Avenue,9
"24 Josephine Avenue, Somerville MA 02144",Josephine Avenue,24
"39 Josephine Avenue, Somerville MA 02144",Josephine Avenue,39
"54 Josephine Avenue, Somerville MA 02144",Josephine Avenue,54
"69 Josephine Avenue, Somerville MA 02144",Josephine Avenue,69
"84 Josephine Avenue, Somerville MA 02144",Josephine Avenue,84
"99 Josephine Avenue, Somerville MA 02144",Josephine Avenue,99
"114 Josephine Avenue, Somerville MA 02144",Josephine Avenue,114
"129 Josephine Avenue, Somerville MA 02144",Josephine Avenue,129
"134 Josephine Avenue, Somerville MA 02144",Josephine Avenue,134
"93 Kidder Avenue, Somerville MA 02144",Kidder Avenue,93
"108 Kidder Avenue, Somerville MA 02144",Kidder Avenue,108
"123 Kidder Avenue, Somerville MA 02144",Kidder Avenue,123
"138 Kidder Avenue, Somerville MA 02144",Kidder Avenue,138
"153 Kidder Avenue, Somerville MA 02144",Kidder Avenue,153
"157 Kidder Avenue, Somerville MA 02144",Kidder Avenue,157
"6 Liberty Avenue, Somerville MA 02144",Liberty Avenue,6
"21 Liberty Avenue, Somerville MA 02144",Liberty Avenue,21
"36 Liberty Avenue, Somerville MA 02144",Liberty Avenue,36
"51 Liberty Avenue, Somerville MA 02144",Liberty Avenue,51
"66 Liberty Avenue, Somerville MA 02144",Liberty Avenue,66
"81 Liberty Avenue, Somerville MA 02144",Liberty Avenue,81
"96 Liberty Avenue, Somerville MA 02144",Liberty Avenue,96
"111 Liberty Avenue, Somerville MA 02144",Liberty Avenue,111
"125 Liberty Avenue, Somerville MA 02144",Liberty Avenue,125
"121 Liberty Road, Somerville MA 02144",Liberty Road,121
"130 Liberty Road, Somerville MA 02144",Liberty Road,130
"5 Lowden Avenue, Somerville MA 02144",Lowden Avenue,5
"20 Lowden Avenue, Somerville MA 02144",Lowden Avenue,20
"35 Lowden Avenue, Somerville MA 02144",Lowden Avenue,35
"50 Lowden Avenue, Somerville MA 02144",Lowden Avenue,50
"65 Lowden Avenue, Somerville MA 02144",Lowden Avenue,65
"80 Lowden Avenue, Somerville MA 02144",Lowden Avenue,80
"93 Lowden Avenue, Somerville MA 02144",Lowden Avenue,93
"9 Mallet Street, Somerville MA 02144",Mallet Street,9
"Maxwell's Green, Somerville MA 02144",Maxwell's Green,center
"2 Morrison Avenue, Somerville MA 02144",Morrison Avenue,2
"17 Morrison Avenue, Somerville MA 02144",Morrison Avenue,17
"32 Morrison Avenue, Somerville MA 02144",Morrison Avenue,32
"47 Morrison Avenue, Somerville MA 02144",Morrison Avenue,47
"62 Morrison Avenue, Somerville MA 02144",Morrison Avenue,62
"77 Morrison Avenue, Somerville MA 02144",Morrison Avenue,77
"92 Morrison Avenue, Somerville MA 02144",Morrison Avenue,92
"107 Morrison Avenue, Somerville MA 02144",Morrison Avenue,107
"122 Morrison Avenue, Somerville MA 02144",Morrison Avenue,122
"137 Morrison Avenue, Somerville MA 02144",Morrison Avenue,137
"152 Morrison Avenue, Somerville MA 02144",Morrison Avenue,152
"167 Morrison Avenue, Somerville MA 02144",Morrison Avenue,167
"182 Morrison Avenue, Somerville MA 02144",Morrison Avenue,182
"197 Morrison Avenue, Somerville MA 02144",Morrison Avenue,197
"212 Morrison Avenue, Somerville MA 02144",Morrison Avenue,212
"227 Morrison Avenue, Somerville MA 02144",Morrison Avenue,227
"232 Morrison Avenue, Somerville MA 02144",Morrison Avenue,232
"5 Morrison Place, Somerville MA 02144",Morrison Place,5
"8 Morrison Place, Somerville MA 02144",Morrison Place,8
"9 Murdock Street, Somerville MA 02145",Murdock Street,9
"24 Murdock Street, Somerville MA 02145",Murdock Street,24
"39 Murdock Street, Somerville MA 02145",Murdock Street,39
"54 Murdock Street, Somerville MA 02145",Murdock Street,54
"65 Murdock Street, Somerville MA 02145",Murdock Street,65
"4 Newman Place, Somerville MA 02145",Newman Place,4
"8 Newman Place, Somerville MA 02145",Newman Place,8
"2 Pearson Avenue, Somerville MA 02144",Pearson Avenue,2
"17 Pearson Avenue, Somerville MA 02144",Pearson Avenue,17
"32 Pearson Avenue, Somerville MA 02144",Pearson Avenue,32
"47 Pearson Avenue, Somerville MA 02144",Pearson Avenue,47
"62 Pearson Avenue, Somerville MA 02144",Pearson Avenue,62
"77 Pearson Avenue, Somerville MA 02144",Pearson Avenue,77
"92 Pearson Avenue, Somerville MA 02144",Pearson Avenue,92
"107 Pearson Avenue, Somerville MA 02144",Pearson Avenue,107
"116 Pearson Avenue, Somerville MA 02144",Pearson Avenue,116
"1 Pearson Road, Somerville MA 02144",Pearson Road,1
"16 Pearson Road, Somerville MA 02144",Pearson Road,16
"31 Pearson Road, Somerville MA 02144",Pearson Road,31
"39 Pearson Road, Somerville MA 02144",Pearson Road,39
"1 Powder House Terrace, Somerville MA 02144",Powder House Terrace,1
"16 Powder House Terrace, Somerville MA 02144",Powder House Terrace,16
"31 Powder House Terrace, Somerville MA 02144",Powder House Terrace,31
"39 Powder House Terrace, Somerville MA 02144",Powder House Terrace,39
"5 Prichard Avenue, Somerville MA 02144",Prichard Avenue,5
"20 Prichard Avenue, Somerville MA 02144",Prichard Avenue,20
"35 Prichard Avenue, Somerville MA 02144",Prichard Avenue,35
"50 Prichard Avenue, Somerville MA 02144",Prichard Avenue,50
"65 Prichard Avenue, Somerville MA 02144",Prichard Avenue,65
"80 Prichard Avenue, Somerville MA 02144",Prichard Avenue,80
"95 Prichard Avenue, Somerville MA 02144",Prichard Avenue,95
"100 Prichard Avenue, Somerville MA 02144",Prichard Avenue,100
"4 Princeton Street, Somerville MA 02145",Princeton Street,4
"19 Princeton Street, Somerville MA 02145",Princeton Street,19
"34 Princeton Street, Somerville MA 02145",Princeton Street,34
"49 Princeton Street, Somerville MA 02145",Princeton Street,49
"57 Princeton Street, Somerville MA 02145",Princeton Street,57
"2 Rogers Avenue, Somerville MA 02144",Rogers Avenue,2
"17 Rogers Avenue, Somerville MA 02144",Rogers Avenue,17
"32 Rogers Avenue, Somerville MA 02144",Rogers Avenue,32
"47 Rogers Avenue, Somerville MA 02144",Rogers Avenue,47
"62 Rogers Avenue, Somerville MA 02144",Rogers Avenue,62
"77 Rogers Avenue, Somerville MA 02144",Rogers Avenue,77
"92 Rogers Avenue, Somerville MA 02144",Rogers Avenue,92
"107 Rogers Avenue, Somerville MA 02144",Rogers Avenue,107
"122 Rogers Avenue, Somerville MA 02144",Rogers Avenue,122
"130 Rogers Avenue, Somerville MA 02144",Rogers Avenue,130
"10 Warwick Street, Somerville MA 02145",Warwick Street,10
"25 Warwick Street, Somerville MA 02145",Warwick Street,25
"40 Warwick Street, Somerville MA 02145",Warwick Street,40
"55 Warwick Street, Somerville MA 02145",Warwick Street,55
"70 Warwick Street, Somerville MA 02145",Warwick Street,70
"85 Warwick Street, Somerville MA 02145",Warwick Street,85
"94 Warwick Street, Somerville MA 02145",Warwick Street,94
"130 Willow Avenue, Somerville MA 02144",Willow Avenue,130
"145 Willow Avenue, Somerville MA 02144",Willow Avenue,145
"160 Willow Avenue, Somerville MA 02144",Willow Avenue,160
"175 Willow Avenue, Somerville MA 02144",Willow Avenue,175
"190 Willow Avenue, Somerville MA 02144",Willow Avenue,190
"205 Willow Avenue, Somerville MA 02144",Willow Avenue,205
"220 Willow Avenue, Somerville MA 02144",Willow Avenue,220
"235 Willow Avenue, Somerville MA 02144",Willow Avenue,235
"250 Willow Avenue, Somerville MA 02144",Willow Avenue,250
"265 Willow Avenue, Somerville MA 02144",Willow Avenue,265
"275 Willow Avenue, Somerville MA 02144",Willow Avenue,275
"5 Wilson Avenue, Somerville MA 02144",Wilson Avenue,5
"20 Wilson Avenue, Somerville MA 02144",Wilson Avenue,20
"11 Winslow Avenue, Somerville MA 02144",Winslow Avenue,11
"26 Winslow Avenue, Somerville MA 02144",Winslow Avenue,26
"41 Winslow Avenue, Somerville MA 02144",Winslow Avenue,41
"56 Winslow Avenue, Somerville MA 02144",Winslow Avenue,56
"71 Winslow Avenue, Somerville MA 02144",Winslow Avenue,71
"86 Winslow Avenue, Somerville MA 02144",Winslow Avenue,86
"99 Winslow Avenue, Somerville MA 02144",Winslow Avenue,99
